{
    "DATA_HORA_ANALISE": "2025-05-14 14:32:31",
    "TOTAL DE SKUs": 16151,
    "TOTAL SKU COM HISTORICO > 1 ANO": 11664,
    "%SKU COM COM HISTORICO > 1 ANO": 72.218438486781,
    "TOTAL SKU COM HISTORICO < 1 ANO": 2277,
    "%SKU COM HISTORICO < 1 ANO": 14.09819825397808,
    "TOTAL SKU COM ESTOQUE ZERO": 3099,
    "%SKU COM ESTOQUE ZERO": 19.18766639836543,
    "TOTAL SKU COM ESTOQUE POSITIVO": 9524,
    "%SKU COM ESTOQUE POSITIVO": 58.96848492353415,
    "CUSTO TOTAL ESTOQUE POSITIVO": 3042558.26,
    "TOTAL SKU COM ESTOQUE NEGATIVO": 3528,
    "%SKU COM ESTOQUE NEGATIVO": 21.84384867810043,
    "CUSTO TOTAL ESTOQUE NEGATIVO": 1101515.63,
    "TOTAL SKU INATIVO (ESTOQUE > 0)": 4648,
    "%SKU INATIVO (ESTOQUE > 0)": 28.77840381400533,
    "CUSTO TOTAL INATIVO (ESTOQUE > 0)": 482277.6,
    "TOTAL SKU INATIVO (ESTOQUE <= 0)": 3520,
    "%SKU INATIVO (ESTOQUE <= 0)": 21.79431614141539,
    "TOTAL SKU ATIVO (ESTOQUE > 0)": 3468,
    "%SKU ATIVO (ESTOQUE > 0)": 21.47235465296266,
    "CUSTO TOTAL ATIVO (ESTOQUE > 0)": 2425841.56,
    "TOTAL SKU ATIVO (ESTOQUE <= 0)": 2305,
    "%SKU ATIVO (ESTOQUE <= 0)": 14.2715621323757,
    "TOTAL SKU NAO COMERCIALIZADO (ESTOQUE > 0)": 1408,
    "%SKU NAO COMERCIALIZADO (ESTOQUE > 0)": 8.717726456566156,
    "CUSTO TOTAL NAO COMERCIALIZADO (ESTOQUE > 0)": 134439.1,
    "TOTAL SKU NAO COMERCIALIZADO (ESTOQUE <= 0)": 802,
    "%SKU NAO COMERCIALIZADO (ESTOQUE <= 0)": 4.965636802674757,
    "TOTAL SKU VERIFICADOS": 16163,
    "TOTAL SKU CONSISTENTES": 10589,
    "%SKU CONSISTENTES": 65.5138278784879,
    "TOTAL SKU INCONSISTENTES": 5574,
    "%SKU INCONSISTENTES": 34.4861721215121,
    "TOTAL SKU GRUPO A": 456,
    "TOTAL SKU GRUPO B": 869,
    "TOTAL SKU GRUPO C": 1390,
    "%SKU GRUPO A": 16.79558011049724,
    "%SKU GRUPO B": 32.00736648250461,
    "%SKU GRUPO C": 51.19705340699816,
    "TOTAL VENDA GRUPO A": 1421923.25,
    "TOTAL VENDA GRUPO B": 266876.46,
    "TOTAL VENDA GRUPO C": 88904.47,
    "%VENDA GRUPO A": 79.98649415337484,
    "%VENDA GRUPO B": 15.01242237052061,
    "%VENDA GRUPO C": 5.001083476104556,
    "COBERTURA EM DIAS GRUPO A": 44.79682953747366,
    "COBERTURA EM DIAS GRUPO B": 207.5719717544813,
    "COBERTURA EM DIAS GRUPO C": 567.1548998946259
}